Quarter_Start_Date,Abbey CavesMale,Abbey CavesMaori,Abbey CavesTotal,AhiparaMale,AhiparaMaori,AhiparaTotal,AwanuiMale,AwanuiMaori,AwanuiTotal,Bay of IslandsMale,Bay of IslandsMaori,Bay of IslandsTotal,Bream BayMale,Bream BayMaori,Bream BayTotal,Bream HeadMale,Bream HeadMaori,Bream HeadTotal,DargavilleMale,DargavilleMaori,DargavilleTotal,Haruru FallsMale,Haruru FallsMaori,Haruru FallsTotal,HerekinoMale,HerekinoMaori,HerekinoTotal,HikurangiMale,HikurangiMaori,HikurangiTotal,Hokianga NorthMale,Hokianga NorthMaori,Hokianga NorthTotal,Hokianga SouthMale,Hokianga SouthMaori,Hokianga SouthTotal,HorahoraMale,HorahoraMaori,HorahoraTotal,HouhoraMale,HouhoraMaori,HouhoraTotal,Inlet-Bay of IslandsMale,Inlet-Bay of IslandsMaori,Inlet-Bay of IslandsTotal,Inlet-Doubtless BayMale,Inlet-Doubtless BayMaori,Inlet-Doubtless BayTotal,Inlet-Hokianga HarbourMale,Inlet-Hokianga HarbourMaori,Inlet-Hokianga HarbourTotal,Inlet-Kaipara Harbour NorthMale,Inlet-Kaipara Harbour NorthMaori,Inlet-Kaipara Harbour NorthTotal,Inlet-Mangawhai HarbourMale,Inlet-Mangawhai HarbourMaori,Inlet-Mangawhai HarbourTotal,Inlet-Port WhangareiMale,Inlet-Port WhangareiMaori,Inlet-Port WhangareiTotal,Inlet-Rangaunu HarbourMale,Inlet-Rangaunu HarbourMaori,Inlet-Rangaunu HarbourTotal,Inlet-Tutukaka HarbourMale,Inlet-Tutukaka HarbourMaori,Inlet-Tutukaka HarbourTotal,Inlet-Whangarei HarbourMale,Inlet-Whangarei HarbourMaori,Inlet-Whangarei HarbourTotal,Inlet-Whangaroa HarbourMale,Inlet-Whangaroa HarbourMaori,Inlet-Whangaroa HarbourTotal,KaeoMale,KaeoMaori,KaeoTotal,KaikoheMale,KaikoheMaori,KaikoheTotal,Kaipara CoastalMale,Kaipara CoastalMaori,Kaipara CoastalTotal,Kaitaia EastMale,Kaitaia EastMaori,Kaitaia EastTotal,Kaitaia WestMale,Kaitaia WestMaori,Kaitaia WestTotal,KaiwakaMale,KaiwakaMaori,KaiwakaTotal,Kamo EastMale,Kamo EastMaori,Kamo EastTotal,Kamo WestMale,Kamo WestMaori,Kamo WestTotal,KapiroMale,KapiroMaori,KapiroTotal,Karikari Peninsula-MaungataniwMale,Karikari Peninsula-MaungataniwMaori,Karikari Peninsula-MaungataniwTotal,KawakawaMale,KawakawaMaori,KawakawaTotal,KensingtonMale,KensingtonMaori,KensingtonTotal,KerikeriMale,KerikeriMaori,KerikeriTotal,KohukohuMale,KohukohuMaori,KohukohuTotal,MairtownMale,MairtownMaori,MairtownTotal,Mangapa-Matauri BayMale,Mangapa-Matauri BayMaori,Mangapa-Matauri BayTotal,Mangawhai HeadsMale,Mangawhai HeadsMaori,Mangawhai HeadsTotal,MangawhaiMale,MangawhaiMaori,MangawhaiTotal,Marsden Point-RuakakaMale,Marsden Point-RuakakaMaori,Marsden Point-RuakakaTotal,MaungaruMale,MaungaruMaori,MaungaruTotal,MaungatapereMale,MaungatapereMaori,MaungatapereTotal,MaungaturotoMale,MaungaturotoMaori,MaungaturotoTotal,MaunuMale,MaunuMaori,MaunuTotal,MoerewaMale,MoerewaMaori,MoerewaTotal,MorningsideMale,MorningsideMaori,MorningsideTotal,Motutangi-KareponiaMale,Motutangi-KareponiaMaori,Motutangi-KareponiaTotal,Ngapuhi-KaikouMale,Ngapuhi-KaikouMaori,Ngapuhi-KaikouTotal,NgunguruMale,NgunguruMaori,NgunguruTotal,North CapeMale,North CapeMaori,North CapeTotal,Oceanic-Northland RegionMale,Oceanic-Northland RegionMaori,Oceanic-Northland RegionTotal,OhaeawaiMale,OhaeawaiMaori,OhaeawaiTotal,OkaihauMale,OkaihauMaori,OkaihauTotal,Omapere and OpononiMale,Omapere and OpononiMaori,Omapere and OpononiTotal,OnerahiMale,OnerahiMaori,OnerahiTotal,Opouteke-TanekahaMale,Opouteke-TanekahaMaori,Opouteke-TanekahaTotal,Opua EastMale,Opua EastMaori,Opua EastTotal,Opua WestMale,Opua WestMaori,Opua WestTotal,Otaika-PortlandMale,Otaika-PortlandMaori,Otaika-PortlandTotal,OtangareiMale,OtangareiMaori,OtangareiTotal,PaihiaMale,PaihiaMaori,PaihiaTotal,ParahakiMale,ParahakiMaori,ParahakiTotal,Parua BayMale,Parua BayMaori,Parua BayTotal,Pataua-WhareoraMale,Pataua-WhareoraMaori,Pataua-WhareoraTotal,Pokere-WaihahaMale,Pokere-WaihahaMaori,Pokere-WaihahaTotal,Port-LimeburnersMale,Port-LimeburnersMaori,Port-LimeburnersTotal,Punaruku-KiripakaMale,Punaruku-KiripakaMaori,Punaruku-KiripakaTotal,Raumanga EastMale,Raumanga EastMaori,Raumanga EastTotal,Raumanga WestMale,Raumanga WestMaori,Raumanga WestTotal,RaweneMale,RaweneMaori,RaweneTotal,RegentMale,RegentMaori,RegentTotal,Rehia-OneririMale,Rehia-OneririMaori,Rehia-OneririTotal,RiversideMale,RiversideMaori,RiversideTotal,RuawaiMale,RuawaiMaori,RuawaiTotal,RussellMale,RussellMaori,RussellTotal,Sherwood RiseMale,Sherwood RiseMaori,Sherwood RiseTotal,Springs FlatMale,Springs FlatMaori,Springs FlatTotal,Taipa Bay-MangonuiMale,Taipa Bay-MangonuiMaori,Taipa Bay-MangonuiTotal,Te HihiMale,Te HihiMaori,Te HihiTotal,Te KopuruMale,Te KopuruMaori,Te KopuruTotal,Three Mile BushMale,Three Mile BushMaori,Three Mile BushTotal,Tikipunga EastMale,Tikipunga EastMaori,Tikipunga EastTotal,Tikipunga WestMale,Tikipunga WestMaori,Tikipunga WestTotal,VinetownMale,VinetownMaori,VinetownTotal,Waihou Valley-HuparaMale,Waihou Valley-HuparaMaori,Waihou Valley-HuparaTotal,Waiotira-SpringfieldMale,Waiotira-SpringfieldMaori,Waiotira-SpringfieldTotal,WaipuMale,WaipuMaori,WaipuTotal,WaitangiMale,WaitangiMaori,WaitangiTotal,Western HillsMale,Western HillsMaori,Western HillsTotal,Whangarei CentralMale,Whangarei CentralMaori,Whangarei CentralTotal,Whangaruru HarbourMale,Whangaruru HarbourMaori,Whangaruru HarbourTotal,Wharekohe-OakleighMale,Wharekohe-OakleighMaori,Wharekohe-OakleighTotal,Whau ValleyMale,Whau ValleyMaori,Whau ValleyTotal,WoodhillMale,WoodhillMaori,WoodhillTotal
1/04/2013,42.85714286,8.571428571,5.485893417,,,0,,,0,,,0,62.96296296,16.66666667,12.5,52.89256198,14.87603306,9.250764526,52.64550265,44.57671958,16.7962675,0,0,0.12642225,,,0,39.37823834,47.66839378,13.26460481,0,0,0.064474533,100,0,0.036363636,48.69565217,29.56521739,11.29666012,,,0,,,,,,,,,0,,,,,,,100,0,50,,,0,,,0,66.66666667,33.33333333,20,,,,100,100,0.189393939,28.57142857,71.42857143,0.160476845,52.98013245,33.33333333,15.60992419,,,0,,,0,100,66.66666667,16.66666667,46.875,46.484375,14.62021702,47.92332268,20.12779553,8.482384824,,,0,0,100,0.022366361,100,0,0.072202166,41.53846154,36.15384615,10.45016077,50,0,0.030326005,,,0,48.02867384,30.46594982,11.54801325,,,0,22.22222222,22.22222222,15.25423729,42.85714286,14.28571429,31.81818182,49.31506849,38.74755382,15.002936,53.58851675,24.40191388,11.88175099,45.94594595,13.51351351,8.441064639,40,20,10.86956522,44.15584416,20.77922078,5.539568345,100,100,0.128205128,47.69230769,46.66666667,18.18181818,,,0,75,75,0.184757506,51,21,12.64222503,,,0,,,,,,0,0,0,0.1447178,,,0,46.83098592,45.07042254,12.84486658,48.01980198,32.42574257,8.597573952,,,0,100,0,0.414937759,37.39130435,40.86956522,13.7067938,41.50197628,82.80632411,25.41436464,0,100,0.057504313,45.51282051,19.23076923,13.3105802,57.57575758,20.45454545,6.524962926,53,20,9.285051068,53.33333333,46.66666667,1.953125,64.70588235,38.23529412,15.59633028,49.49748744,35.1758794,11.11421391,48.99497487,63.81909548,23.20699708,48.2428115,64.37699681,21.00671141,,,0,47.05882353,32.0855615,12.17447917,54.11764706,30.58823529,15.68265683,50,34.61538462,15.11627907,53.01204819,34.93975904,19.48356808,,,0,49.04051173,36.8869936,12.1976593,54.22535211,19.71830986,9.861111111,,,0,58.90410959,12.32876712,6.13961312,52.94117647,50.98039216,21.16182573,51.51515152,31.81818182,6.727828746,48.96907216,47.42268041,12.79261457,41.29979036,57.65199161,14.79528536,46.15384615,42.08144796,15.23087526,50,0,0.061293288,57.27272727,24.09090909,11.08870968,43.63636364,25.45454545,14.03061224,,,0,66.66666667,22.22222222,7.287449393,48.97959184,26.53061224,14.32748538,,,,45.78313253,17.46987952,9.545715929,45.22821577,39.00414938,10.18166455,52.54237288,38.98305085,14.09796894
1/04/2014,53.125,6.25,5.177993528,,,0,,,0,,,,58.25242718,18.44660194,13.02149178,55.08474576,13.55932203,9.335443038,53.27669903,47.69417476,17.80082091,0,0,0.175746924,,,0,42.67241379,52.15517241,15.85782638,0,0,0.062383032,,,0,44.82758621,30.17241379,11.17533719,,,0,,,,,,,,,,,,,,,,50,0,40,,,0,,,,,,0,,,,,,0,0,100,0.02283105,53.75586854,33.56807512,15.09032944,,,0,,,0,66.66666667,66.66666667,13.04347826,46.46098004,47.18693285,15.79249069,48.64048338,21.75226586,8.735814199,,,0,100,0,0.046242775,0,0,0.072516316,41.89189189,36.48648649,11.96443007,33.33333333,0,0.045358331,0,100,0.917431193,47.49034749,33.2046332,10.59304703,,,0,30,40,15.625,57.14285714,28.57142857,31.11111111,49.47552448,41.43356643,16.11721612,48.61878453,24.86187845,11.92358366,47.16981132,16.98113208,7.957957958,40,40,10.86956522,45.20547945,23.28767123,5.347985348,100,100,0.06281407,47.85894207,52.3929471,18.55140187,,,0,77.77777778,88.88888889,0.401606426,50.70422535,23.94366197,13.96721311,,,0,,,,0,0,0.13568521,0,0,0.143061516,,,0,47,49,13.27433628,53.15789474,31.05263158,8.765859285,,,0,50,0,0.884955752,47.36842105,42.10526316,13.68547419,42.88389513,84.83146067,26.58038825,50,50,0.114942529,45.85987261,22.92993631,13.22662174,51.09489051,22.62773723,6.915699142,47.45762712,17.79661017,11.45631068,46.2962963,53.7037037,2.496532594,54.28571429,45.71428571,14.83050847,51.26903553,32.23350254,10.90506504,47.71084337,65.30120482,23.5260771,46.24573379,67.23549488,20.10291595,,,0,49.48979592,33.67346939,13.05796136,57.85123967,27.27272727,14.82843137,50.96153846,31.73076923,14.64788732,53.40909091,37.5,19.38325991,,,0,49.12280702,37.23196881,13.26266805,55.10204082,33.33333333,10.10309278,100,0,0.058823529,53.84615385,1.538461538,5.565068493,57.00934579,52.3364486,23.11015119,50.66666667,37.33333333,7.598784195,48.42615012,50.60532688,13.49673203,44.33962264,57.16981132,16.29265294,45.49019608,43.1372549,17.69604441,100,0,0.030759766,55.76036866,30.41474654,11.77428106,47.4789916,25.6302521,15.28580604,,,0,65.38461538,26.92307692,9.62962963,48.21428571,35.71428571,16.23188406,,,,46.13003096,19.50464396,9.856576137,46.42857143,41.66666667,10.65989848,52.34042553,38.29787234,14.29440389
1/01/2015,57.57575758,18.18181818,5.007587253,50.21276596,71.91489362,20.61403509,47.05882353,70.58823529,21.31661442,,,,59.5959596,15.15151515,11.97097944,56.77966102,16.10169492,9.182879377,51.80572852,48.81693649,17.59036145,46.72897196,40.18691589,15.11299435,49.84802432,70.82066869,16.71747967,46.44194757,50.56179775,18.17562968,49.44567627,83.37028825,25.63956794,51.71339564,77.7258567,24.13533835,46.55172414,27.5862069,11.05815062,54.59459459,61.08108108,19.47368421,,,,,,,,,,,,,,,,50,0,40,,,0,,,,,,0,,,,35.57692308,75,21.48760331,44.17910448,83.9800995,23.00297551,55.654102,35.4767184,16.06697542,43.11740891,79.14979757,22.95539033,45.23195876,76.41752577,21.82227222,50,50,7.692307692,45.68527919,46.53130288,16.47616393,49.5412844,25.0764526,8.637083994,49.20634921,38.73015873,11.31059246,50.95298602,49.55527319,17.20218579,42.66211604,77.1331058,20.604782,41.66666667,38.0952381,13.25966851,49.08376963,34.68586387,11.30846655,52.17391304,39.13043478,20.1754386,51.73745174,34.74903475,10.59304703,51.63265306,60.6122449,18.30407172,16.66666667,33.33333333,9.090909091,58.33333333,25,22.22222222,50.79086116,38.66432337,15.77488217,51.06382979,27.12765957,11.95928753,45.37037037,15.74074074,7.871720117,42.85714286,42.85714286,14.58333333,53.62318841,17.39130435,5.122494432,44.85488127,92.08443272,24.20178799,47.39583333,53.64583333,17.49430524,47.72727273,57.46753247,16.95101816,48.64864865,79.41787942,20.55555556,51.94174757,20.87378641,13.1629393,47.58064516,90.32258065,25.46201232,,,,52,61.6,16.66666667,47.2,61.6,17.24137931,43.68932039,77.66990291,22.00854701,47.09897611,50.17064846,13.23994577,51.83486239,33.71559633,9.614112459,71.875,25,9.937888199,46.66666667,26.66666667,12.98701299,46.34146341,39.83739837,14.18685121,43.40567613,84.64106845,29.319628,46.10169492,54.91525424,16.64785553,50,28.65853659,14.07725322,53.47222222,22.91666667,7.28008089,54.19847328,21.3740458,11.71735242,45.63953488,61.91860465,15.25498891,58.82352941,47.05882353,13.12741313,52.28310502,38.58447489,11.4870181,48.07692308,68.02884615,22.88228823,46.32107023,67.05685619,20.16863406,46.95652174,73.91304348,22.4609375,47.05882353,39.81900452,14.26726921,59.84251969,30.31496063,15.04739336,49.12280702,34.21052632,15.40540541,54.65116279,36.04651163,19.90740741,48.27586207,34.48275862,14.85275288,50.57034221,40.49429658,13.17965422,56.875,35.625,10.57501652,47.24137931,49.65517241,16.14699332,54.41176471,4.411764706,5.551020408,50.45045045,50.45045045,24.3956044,46.75324675,37.66233766,7.646474677,47.98206278,51.34529148,14.06052963,45.81818182,56,16.74277017,46.33204633,46.33204633,17.17506631,49.87775061,27.1393643,12.35276352,53.52697095,31.53526971,12.68421053,46.692607,23.3463035,15.74754902,56.19047619,28.57142857,13.19095477,66.66666667,33.33333333,10.52631579,52.83018868,26.41509434,15.72700297,,,,46.70846395,21.31661442,9.533771668,46.15384615,40.29304029,11.32310245,52.50965251,41.31274131,15.12850467
1/07/2015,51.72413793,31.03448276,4.277286136,51.56950673,72.19730942,19.34084996,40.29850746,71.64179104,20.55214724,,,,61.8556701,14.43298969,11.70084439,57.26495726,13.67521368,8.904109589,53.09842041,50.06075334,17.79074795,51.9379845,37.98449612,14.57627119,50,70.95808383,17.01477331,44.98269896,50.8650519,19.18990704,50.85470085,85.25641026,25.8420762,50.52790347,79.93966817,23.90912369,46.15384615,31.62393162,11.25,53.10734463,63.27683616,18.24742268,,,,,,,,,,,,,,,,50,0,40,,,0,,,,,,0,,,,40,75.23809524,20.46783626,44.23459245,84.59244533,22.83768445,54.44444444,36,15.74527642,43.60587002,80.08385744,21.89077559,47.44525547,77.73722628,22.43449782,50,50,15.38461538,47.89473684,45.43859649,15.80260604,50.14925373,23.58208955,8.616255144,49.84227129,37.85488959,11.28113879,49.87745098,51.34803922,17.0461667,43.62416107,78.18791946,21.07496464,43.79084967,34.64052288,11.65270373,50.89974293,33.41902314,11.17655509,51.85185185,48.14814815,20.45454545,50.95057034,37.64258555,10.76104746,52.46548323,60.94674556,18.79169755,16.66666667,16.66666667,9.375,55.55555556,33.33333333,15,50.42881647,40.9948542,15.76527853,51.39664804,26.25698324,11.71465969,45.63106796,15.53398058,7.584683358,33.33333333,44.44444444,19.14893617,54.16666667,16.66666667,5.179856115,45.83333333,91.92708333,24.47418738,47.55784062,50.64267352,17.65773945,49.54682779,60.42296073,17.40273396,49.2248062,80.62015504,21.65337809,48.73096447,23.35025381,12.38214959,50.83333333,90.83333333,24.29149798,,,,48.88888889,65.92592593,17.06700379,49.28571429,60,18.42105263,47.78761062,75.22123894,23.29896907,46.03174603,53.96825397,14.10658307,52.15419501,35.60090703,9.5703125,74.19354839,19.35483871,9.567901235,44.82758621,27.5862069,11.6,49.55752212,37.16814159,13.03344867,43.66666667,84,28.49002849,45.98765432,54.01234568,18.02002225,48.14814815,32.71604938,13.72881356,55.10204082,26.53061224,7.557840617,57.2519084,23.66412214,11.52154793,43.6416185,63.29479769,14.66723188,55.26315789,39.47368421,14.55938697,53.69565217,40.65217391,11.87403201,48.55072464,66.42512077,22.92358804,45.15599343,67.48768473,20.09237875,44.24778761,76.10619469,21.60611855,45.12820513,42.56410256,12.77013752,60.53639847,27.20306513,15.48961424,47.11538462,36.53846154,14.48467967,57.14285714,38.46153846,21.21212121,56.12244898,33.67346939,12.87779238,50.56179775,41.57303371,13.59124459,57.86163522,33.96226415,10.28460543,50.33333333,51.66666667,16.43835616,58.73015873,6.349206349,5.12195122,51.32743363,51.32743363,25.22321429,50,42.10526316,7.517309594,48.60215054,50.32258065,14.61804464,43.69602763,59.24006908,16.89031505,52.31316726,48.04270463,18.37802485,50.48780488,31.70731707,11.91514095,52.56410256,29.05982906,12.03703704,47.30769231,23.84615385,15.54094441,53.98230088,29.20353982,13.38862559,65.38461538,38.46153846,9.489051095,58.92857143,35.71428571,15.6424581,,,,47.75641026,21.15384615,9.299552906,45.78313253,42.97188755,10.38365304,54.00843882,39.66244726,13.88400703
1/01/2016,51.61290323,29.03225806,4.579025111,52.27272727,71.36363636,19.26444834,40,75.38461538,20.12383901,,,,56.52173913,15.2173913,11.11111111,57.37704918,12.29508197,9.124906507,51.48148148,49.87654321,17.7943761,48.93617021,39.0070922,15.01597444,51.32743363,70.79646018,17.11256941,48.27586207,51.03448276,19.54177898,47.86516854,86.29213483,24.53142227,50.15197568,79.48328267,23.32506203,51.1627907,37.20930233,12.12406015,48.5380117,62.57309942,17.01492537,,,,,,,,,,,,,,,,50,0,33.33333333,,,,,,,,,0,,,,45.13274336,76.10619469,22.28796844,43.7079731,85.1104707,23.14361939,55.84415584,39.82683983,15.92554292,42.65306122,82.04081633,22.79069767,46.26108999,78.3269962,21.66392092,50,50,9.090909091,46.70050761,47.71573604,15.99025974,50.14925373,25.67164179,8.629572385,50.4950495,33.99339934,10.53913043,51.17139334,49.69173859,17.22965796,43.49315068,78.76712329,21.26729789,45.625,43.125,12.31716705,52.26977951,33.07392996,10.90060795,52,48,20.16129032,51.67286245,39.03345725,10.89509923,51.13636364,62.5,19.07514451,16.66666667,16.66666667,8.955223881,45.45454545,27.27272727,19.29824561,50.49342105,40.46052632,15.98737839,52.02020202,24.74747475,12.61950287,46.53465347,16.83168317,7.410124725,33.33333333,33.33333333,24,51.25,17.5,5.661712668,46.52956298,92.28791774,24.02717727,47.59615385,50.72115385,18.87477314,50.47318612,59.30599369,16.97911087,50,81.41762452,21.65975104,48.25870647,22.88557214,12.24116931,52,91.2,24.2248062,,,,47.76119403,61.19402985,16.91919192,47.91666667,59.72222222,19.09814324,49.58677686,75.20661157,23.49514563,46.82080925,52.89017341,15.2624614,52.96703297,34.06593407,9.662348694,72.72727273,30.3030303,9.939759036,42.85714286,28.57142857,11.29032258,50.32258065,35.48387097,13.6443662,43.83116883,85.55194805,28.73134328,46.37223975,52.05047319,17.36986301,45.16129032,34.19354839,12.93823038,52.14723926,25.76687117,8.190954774,57.25806452,20.96774194,10.52631579,43.78378378,66.48648649,15.2640264,81.81818182,54.54545455,19.64285714,53.41880342,43.37606838,11.99692387,46.71201814,66.66666667,24.40509131,45.87458746,67.32673267,20.60523631,46.90265487,75.22123894,22.64529058,43.56435644,41.58415842,13.19399086,59.68992248,31.00775194,15.21226415,49.48453608,38.1443299,13.83737518,51.54639175,37.11340206,21.74887892,52.63157895,34.73684211,12.38591917,52.72045028,43.33958724,13.46299571,56.98324022,35.19553073,11.54094133,50.1650165,50.4950495,16.440586,58.73015873,7.936507937,5.04,51.75438596,46.49122807,25.11013216,50,43.75,7.889546351,51.73160173,50.64935065,14.35674332,44.33497537,58.62068966,17.44985673,49.2481203,47.7443609,17.38562092,52.85714286,31.9047619,12.14926237,54.04255319,27.65957447,11.68572849,48.8,24.4,14.62843768,50,28.18181818,13.38199513,62.5,41.66666667,9.486166008,52.23880597,38.80597015,18.20652174,,,,46.72897196,21.4953271,9.4162511,46.12546125,42.43542435,11.2775697,55.2173913,41.73913043,13.1956397
1/07/2016,43.75,34.375,4.841149773,49.78165939,72.05240175,19.80968858,42.85714286,77.92207792,21.62921348,,,,57,14,11.72332943,58.11965812,15.38461538,8.515283843,50.54545455,50.78787879,18.0564675,48.81889764,34.64566929,13.22916667,52.95857988,68.93491124,17.36004109,46.93877551,52.72108844,19.91869919,48.80694143,86.76789588,25.32967033,52.72459499,79.23416789,24.18952618,51.49253731,30.59701493,12.3388582,47.72727273,61.36363636,17.23800196,,,,,,,,,,,,,,,,50,0,33.33333333,,,,,,,,,,,,,44.06779661,75.42372881,23.1372549,43.47826087,85.60386473,23.06663695,55.57939914,38.19742489,16.0137457,43.1372549,81.76470588,23.42673404,47.31457801,78.90025575,21.92933259,50,25,19.04761905,47.55480607,50.42158516,15.74196974,47.4137931,28.16091954,8.9391215,49.84126984,37.14285714,10.84710744,51.27906977,48.95348837,17.91666667,44.30379747,81.32911392,22.0979021,43.125,48.75,12.03912716,53.84615385,34.54790823,10.31746032,48.14814815,48.14814815,19.28571429,52.81690141,38.38028169,11.39189731,50.63752277,63.38797814,19.90572879,25,0,6.666666667,40,10,18.86792453,48.88507719,40.9948542,14.92575525,52.52525253,24.24242424,12.19963031,52.88461538,15.38461538,7.692307692,36.36363636,27.27272727,22,49.36708861,17.72151899,5.606813343,46.42857143,93.36734694,23.6858006,47.90697674,52.09302326,19.11111111,48.61538462,58.15384615,17.2048703,50.390625,80.859375,21.38680033,48.25870647,23.38308458,11.82352941,47.69230769,93.07692308,24.57466919,,,,46.82539683,62.6984127,15.65217391,53.28467153,59.8540146,18.07387863,47.96747967,76.42276423,23.8372093,45.82132565,51.87319885,15.23266023,52.27765727,36.00867679,9.489501853,68.96551724,37.93103448,8.950617284,46.42857143,28.57142857,11.38211382,51.63398693,35.29411765,13.31592689,45.43946932,85.07462687,28.47025496,47.64890282,50.47021944,17.07708779,45.89041096,30.82191781,12.1869783,51.59235669,22.29299363,7.707412862,54.76190476,21.42857143,10.23558083,43.75,67.11956522,15.02040816,80,60,16.66666667,52.5862069,41.81034483,11.62324649,45.79439252,69.39252336,23.50356947,45.19230769,65.70512821,20.73778664,47.27272727,76.36363636,21.31782946,45.12820513,44.1025641,12.60504202,59.4795539,31.97026022,15.86084906,51.04166667,37.5,13.81294964,47.95918367,39.79591837,21.53846154,53.60824742,32.98969072,12.58106355,52.42537313,41.79104478,13.39330335,58.79120879,30.76923077,11.51170145,48.35526316,50.65789474,16.05068638,56.4516129,14.51612903,4.885736801,50,46.2962963,23.37662338,48.05194805,44.15584416,7.504873294,51.29310345,51.07758621,14.49094316,42.50411862,59.14332784,16.98852505,49.45454545,46.90909091,17.29559748,52.96912114,34.44180523,11.77951875,52.04918033,27.86885246,11.91988276,47.34693878,24.08163265,14.12103746,56.63716814,24.77876106,13.46841478,60,43.33333333,11.36363636,50.72463768,31.88405797,18.64864865,,,,49.5601173,22.87390029,9.704040979,46.35036496,43.43065693,11.42142559,57.02479339,42.14876033,13.68004522
1/01/2017,42.85714286,31.42857143,5.185185185,49.55752212,73.00884956,18.78636741,45.71428571,80,19.28374656,,,,58.7628866,14.43298969,11.17511521,61.24031008,15.50387597,9.00209351,50.29239766,50.87719298,18.27704147,47.54098361,31.14754098,12.56436663,49.43502825,71.46892655,17.46423286,42,53.66666667,19.74983542,49.69450102,87.37270876,26.03393425,52.3054755,79.25072046,24.00553442,50,35.59322034,10.82568807,48,61.14285714,17.15686275,,,,,,,,,,,,,,,,0,0,22.22222222,,,,,,,,,,,,,47.58064516,69.35483871,23.39622642,43.11490978,85.28015195,23.26043738,57.81584582,36.83083512,15.99862967,43.97590361,79.51807229,23.63550071,45.71078431,78.43137255,22.20408163,50,25,20,46.1669506,51.61839864,15.6784188,49.71590909,29.26136364,8.965868569,51.45631068,32.68608414,10.41807148,51.19453925,49.03299204,18.2062966,42.63803681,82.51533742,21.89388852,45.78313253,46.38554217,12.67175573,51.86136072,35.43003851,10.81944444,46.875,53.125,20.51282051,52.98245614,37.89473684,11.46881288,50.54545455,64.72727273,19.33216169,14.28571429,0,10.60606061,54.54545455,27.27272727,18.33333333,49.56822107,41.79620035,14.04317245,54.72636816,30.34825871,12.20400729,55.91397849,13.97849462,6.75872093,46.15384615,38.46153846,23.63636364,43.37349398,21.68674699,5.975521958,46.77002584,92.76485788,23.72777437,46.41148325,52.63157895,18.54480923,47.86585366,59.75609756,17.39130435,49.39759036,80.72289157,20.87175189,51.2195122,22.43902439,11.82919792,45.96774194,92.74193548,23.89210019,,,,45.86466165,60.90225564,16.06280193,51.31578947,59.21052632,19.68911917,49.6124031,80.62015504,23.58318099,47.27272727,53.33333333,14.67318808,52.60960334,37.5782881,9.637826962,65.625,43.75,9.552238806,46.42857143,28.57142857,10.76923077,53.8961039,38.96103896,13.31028522,46.33730835,84.83816014,28.28915663,47.41641337,52.88753799,17.53731343,47.01986755,28.47682119,12.42798354,55.06329114,22.15189873,7.261029412,55.37190083,24.79338843,9.372579396,43.43163539,66.21983914,14.92597039,81.81818182,54.54545455,15.27777778,52.77161863,42.1286031,11.06748466,44.44444444,69.73995272,23.53923205,45.80152672,67.78625954,21.2111399,48.7394958,79.83193277,23.15175097,43.38624339,44.97354497,12.18568665,59.39849624,33.45864662,15.64705882,50,35.55555556,13.19648094,46,40,22.22222222,51.51515152,35.35353535,13.06068602,51.48148148,43.7037037,13.42281879,59.88700565,32.76836158,11.00746269,46.40522876,49.67320261,15.72456321,57.37704918,13.1147541,4.714064915,48.62385321,50.4587156,23.54211663,48.05194805,42.85714286,7.382550336,49.56709957,50.43290043,14.45556946,40.45307443,57.76699029,16.72983216,48.52941176,44.11764706,17.29179911,51.80722892,33.73493976,11.56955673,50.60728745,26.72064777,11.61259991,44.39655172,22.84482759,13.12959819,60.37735849,29.24528302,12.35431235,61.53846154,42.30769231,9.77443609,45.20547945,36.98630137,19.10994764,,,,51.47928994,21.00591716,9.394107838,47.58364312,42.00743494,11.08821105,53.38645418,42.62948207,14.19683258
1/04/2017,51.35135135,32.43243243,5.308464849,48.49785408,74.24892704,18.91233766,45.94594595,81.08108108,20.21857923,,,,56.70103093,16.49484536,11.18800461,59.52380952,13.49206349,8.701657459,50.58823529,50.35294118,18.07741387,47.28682171,33.33333333,13.42351717,49.16201117,72.06703911,17.54042136,42.66211604,53.58361775,19.70410222,48.57142857,86.93877551,25.62761506,51.81422351,78.22931785,23.59589041,47.82608696,33.91304348,10.61865189,44.86486486,62.16216216,17.75431862,,,,,,,,,,,,,,,,33.33333333,0,33.33333333,,,,,,,,,,,,,49.20634921,69.84126984,22.99270073,43.50282486,85.31073446,23.21311475,57.17299578,37.34177215,16.16092738,43.8247012,81.07569721,23.80275012,47.04463209,78.40772014,22.35103802,50,25,19.04761905,48.40425532,51.59574468,15.14907333,49.86149584,30.74792244,9.086332746,52.78688525,34.42622951,10.30405405,51.50501672,50.16722408,18.32856559,44.20731707,82.62195122,21.91048764,45.78313253,43.37349398,12.64280274,51.05820106,35.97883598,10.31377899,42.85714286,54.28571429,21.47239264,51.65562914,39.73509934,11.99364575,50.89928058,65.10791367,19.50192915,16.66666667,0,8.450704225,50,20,16.12903226,50.17730496,40.78014184,13.38395823,54.54545455,31.57894737,12.60554885,52.22222222,17.77777778,6.470165349,46.15384615,38.46153846,23.63636364,40,21.17647059,6.067094932,47,92.5,24.18379686,46.42857143,52.38095238,18.25293351,49.08536585,58.84146341,17.44680851,48.89336016,80.0804829,20.63953488,53.11004785,25.83732057,11.98394495,45.96774194,91.93548387,23.35216573,,,,45.23809524,62.6984127,15.32846715,51.61290323,60,19.72010178,49.6124031,80.62015504,23.88888889,45.56213018,52.36686391,15.08255243,53.44467641,37.36951983,9.60497293,61.76470588,47.05882353,10.3343465,44.44444444,33.33333333,10.34482759,56.79012346,40.74074074,13.81074169,46.21848739,84.20168067,28.56457033,48.01223242,51.37614679,17.43070362,47.88732394,28.16901408,11.66803615,50.94339623,23.27044025,7.072953737,60.16949153,26.27118644,9.119010819,44.98644986,66.66666667,14.64867011,80,50,13.69863014,51.19305857,42.29934924,11.16493098,44.80369515,70.90069284,24.01552967,46.17647059,66.61764706,21.63538021,50,80,19.96007984,45.10869565,43.47826087,12.0182887,59.68992248,32.17054264,15.06129597,48.27586207,35.63218391,12.70072993,47.70642202,40.36697248,22.61410788,48.51485149,36.63366337,12.86624204,51.38121547,42.54143646,13.48733234,58.78787879,33.33333333,10.33834586,46.17834395,51.27388535,15.93908629,53.22580645,16.12903226,4.714828897,49.56521739,48.69565217,24.00835073,50.66666667,44,7.095553453,48.5042735,49.78632479,14.48467967,41.66666667,57.21153846,16.80129241,49.04942966,44.10646388,16.88061617,53.17647059,35.52941176,11.57407407,48.58299595,27.93522267,11.53127918,44.58874459,22.51082251,12.84760845,60.19417476,29.12621359,11.57303371,65.38461538,46.15384615,9.885931559,43.83561644,34.24657534,18.57506361,,,,50.87719298,21.34502924,9.439690864,46.12546125,40.95940959,10.98500203,52.49042146,46.36015326,14.68767586
1/07/2017,51.2195122,31.70731707,5.823863636,49.34497817,74.23580786,18.72444808,45.94594595,79.72972973,20.72829132,,,,59,14,11.09877913,59.54198473,15.26717557,8.923705722,50.41031653,49.94138335,18.02620456,49.58677686,30.5785124,12.64367816,50.28248588,71.75141243,17.51608115,43.15789474,52.28070175,19.02536716,48.11881188,86.93069307,25.7784584,50.7183908,78.44827586,23.60122075,48.21428571,37.5,10.3992572,46.42857143,60.71428571,18.66666667,,,,,,,,,,,,,,,,33.33333333,0,30,,,,,,,,,,,,,48.8372093,69.76744186,23.24324324,44.98594189,85.84817245,23.2006958,57.83898305,38.55932203,16.04896294,44.4214876,80.78512397,22.9275225,47.30392157,77.94117647,22.31947484,60,20,25,46.2633452,52.4911032,14.78169385,49.31506849,30.68493151,9.228824273,53.18471338,34.39490446,10.40424122,52.64864865,49.83783784,18.63041289,43.46504559,82.67477204,21.54551408,49.71751412,41.8079096,13.56321839,51.15332429,35.27815468,9.987803225,42.85714286,54.28571429,20.83333333,53.50318471,40.12738854,12.41597469,50.95652174,64.69565217,19.97221257,20,0,7.142857143,44.44444444,11.11111111,15.51724138,49.56063269,40.94903339,13.35680751,54.33789954,27.85388128,12.88993526,54.83870968,18.27956989,6.633380884,46.15384615,38.46153846,24.52830189,44.04761905,26.19047619,6.025824964,46.11650485,91.99029126,24.19260129,48.36448598,51.1682243,18.64923747,49.55489614,61.12759644,17.58872651,49.30139721,80.03992016,20.75393538,52.23880597,26.86567164,11.33032694,44.14414414,91.89189189,20.82551595,,,,41.32231405,62.80991736,14.91985203,52.02702703,57.43243243,19.52506596,47.15447154,81.30081301,23.29545455,45.86894587,52.99145299,15.62082777,52.68595041,36.57024793,9.55388867,55.88235294,50,10,43.33333333,40,11.19402985,57.66871166,38.03680982,13.81355932,47.55480607,84.4856661,27.72323516,47.1875,51.25,16.985138,49.24242424,31.06060606,10.80196399,54.49101796,23.95209581,7.3117338,54.91803279,24.59016393,9.320091673,44.38356164,65.47945205,14.49563145,87.5,75,11.11111111,50.75268817,43.22580645,11.26726436,44.94117647,72.23529412,23.75628843,46.54654655,67.71771772,20.92365693,47.22222222,78.7037037,20.37735849,47.84946237,44.62365591,12.24489796,57.70750988,33.59683794,14.70930233,48.8372093,36.04651163,11.96105702,48.21428571,41.96428571,23.62869198,44.79166667,36.45833333,12.24489796,52.46212121,43.37121212,13.07901907,58.28220859,32.51533742,10.21303258,47.28434505,53.35463259,15.88832487,54.6875,14.0625,4.855842185,52.63157895,48.24561404,23.79958246,50.68493151,39.7260274,7.142857143,49.13793103,49.13793103,14.69749762,41.10032362,57.1197411,16.39692226,46.74329502,45.21072797,16.83870968,52.42494226,35.1039261,11.65231432,50.21276596,28.93617021,10.85951941,47.03389831,22.88135593,12.73610362,61,31,11.3507378,60.86956522,43.47826087,8.679245283,44.7761194,28.35820896,16.96202532,,,,52.87356322,21.55172414,9.495225102,45.78754579,42.12454212,10.99033816,51.5503876,46.51162791,14.55160745
1/01/2014,55.17241379,6.896551724,4.738562092,,,0,,,0,,,,57.57575758,16.16161616,12.70860077,54.38596491,14.9122807,9.026128266,53.32527207,47.27932285,17.97826087,0,0,0.19379845,,,0,40.45454545,51.81818182,14.85482782,0,0,0.063331222,,,0,47.86324786,29.05982906,11.5727003,100,0,0.112866817,,,,,,,,,,,,,,,,50,0,40,,,0,,,,,,0,,,,,,0,0,100,0.022609089,54.784689,32.29665072,14.83848065,0,100,0.048899756,,,0,66.66666667,66.66666667,12,44.65290807,49.15572233,15.32489937,47.41935484,20,8.246874169,0,0,0.037821483,100,0,0.047270149,0,0,0.073367572,42.36111111,34.72222222,11.36543015,33.33333333,0,0.045815516,,,0,48.65900383,34.86590038,10.69672131,,,0,33.33333333,33.33333333,17.91044776,58.33333333,25,25,49.81412639,39.40520446,15.35826434,52.10526316,25.78947368,12.574454,45.63106796,14.5631068,7.916986933,60,40,10.86956522,52,20,5.450581395,66.66666667,100,0.193673338,48.19587629,50.25773196,18.33648393,,,0,57.14285714,100,0.313479624,49.53271028,22.42990654,13.91417425,,,0,,,,0,0,0.136425648,0,0,0.13986014,,,0,47.34982332,48.40989399,12.7765237,51.34408602,31.4516129,8.699719364,,,0,100,0,0.465116279,45.2173913,42.60869565,13.739546,43.59925788,84.97217069,27.0446563,0,100,0.057803468,46.83544304,22.78481013,13.28847771,48.90510949,25.54744526,6.943740497,48.24561404,16.66666667,11.24260355,50.98039216,56.8627451,2.41362991,63.88888889,44.44444444,14.81481481,50.12594458,32.99748111,11.20519334,48.46938776,65.81632653,22.63279446,47.17285945,65.91276252,21.12627986,,,0,49.21465969,33.5078534,12.71637816,58.84773663,27.98353909,14.83516484,52.42718447,33.00970874,14.71428571,55.55555556,37.77777778,19.73684211,,,0,48.98373984,35.16260163,12.62509623,52.08333333,30.55555556,9.993060375,100,0,0.058892815,57.14285714,1.785714286,5.026929982,56.19047619,56.19047619,22.67818575,53.08641975,35.80246914,8.13253012,49.5215311,48.5645933,13.61563518,43.5546875,57.2265625,15.81222977,44.70588235,43.92156863,17.64705882,100,0,0.031240237,57.79816514,30.27522936,12.02426917,45.45454545,27.27272727,15.53273427,,,0,61.9047619,23.80952381,7.984790875,41.81818182,36.36363636,15.85014409,,,,45.37037037,18.82716049,10.0433974,46.31147541,42.62295082,10.4765994,54.20168067,37.39495798,14.59227468
1/10/2017,50,28.94736842,5.374823197,48.38709677,75.11520737,17.9338843,45.56962025,79.74683544,20.8994709,,,,60.63829787,14.89361702,10.35242291,56.48854962,16.79389313,8.762541806,49.60362401,50.73612684,18.5115304,50.78125,31.25,13.06122449,48.68035191,71.84750733,17.05852926,43.63636364,52.72727273,18.27242525,46.84317719,87.16904277,25.24421594,50.3617945,78.43704776,23.52740892,47.86324786,38.46153846,10.60743427,46.15384615,61.02564103,18.48341232,,,,,,,,,,,,,,,,33.33333333,0,30,,,,,,,,,,,,,48.03149606,70.07874016,23.56215213,44.90566038,85.47169811,23.26091727,57.05394191,38.17427386,16.23989218,44.86921529,80.68410463,23.48771267,47.35576923,78.36538462,22.52301029,60,20,27.77777778,47.92387543,51.73010381,15.05208333,50.27624309,31.49171271,9.155285787,54.6031746,35.55555556,10.38233355,52.50544662,50.98039216,18.40786044,43.9628483,80.80495356,21.12491825,53.29341317,42.51497006,13.10832025,51.45631068,34.53536755,9.765677909,48.38709677,45.16129032,18.45238095,55.73248408,41.40127389,12.46526399,50.6044905,64.42141623,19.79487179,16.66666667,0,7.894736842,50,37.5,15.38461538,50,39.48275862,13.42281879,56.48148148,26.85185185,12.39242685,56.84210526,15.78947368,6.680731364,33.33333333,44.44444444,18,49.41176471,24.70588235,6.041222459,46.24413146,91.54929577,24.48275862,47.98099762,49.88123515,18.33623693,48.65671642,61.19402985,17.25025747,49.03474903,79.34362934,21.2034384,50.72463768,26.57004831,11.45545102,44.54545455,90.90909091,20.99236641,,,,42.73504274,60.68376068,14.07942238,52.17391304,59.42028986,18.67388363,48,79.2,23.58490566,44.9704142,52.66272189,15.13658755,51.14822547,38.2045929,9.277551811,58.62068966,48.27586207,8.656716418,41.17647059,35.29411765,13.17829457,57.73809524,38.69047619,13.97670549,48.60426929,84.56486043,28.45794393,45.42586751,52.68138801,16.94281133,50,33.58208955,10.76305221,58.57988166,25.44378698,7.243891985,58.26771654,22.04724409,9.628506444,46.17486339,65.57377049,14.4950495,72.72727273,63.63636364,15.71428571,51.97368421,42.76315789,10.8856529,44.68085106,71.86761229,23.33149476,46.40718563,68.26347305,21.11919064,46.01769912,79.6460177,20.88724584,50.52083333,42.70833333,12.41111829,60,32.83018868,15.06537806,48.88888889,36.66666667,12.37964237,48.21428571,42.85714286,23.72881356,46.06741573,33.70786517,11.52849741,51.04761905,41.52380952,13.04023845,58.18181818,33.93939394,10.00606428,46.79487179,53.84615385,15.71788413,54.54545455,16.66666667,4.936424832,52.67857143,45.53571429,23.77919321,52.7027027,40.54054054,7.283464567,49.44320713,49.44320713,14.222363,41.92495922,56.28058728,16.08923885,47.45098039,46.66666667,16.37764933,53.5962877,37.12296984,11.47191908,49.78354978,29.43722944,10.67467652,47.39130435,22.60869565,12.27321238,59.09090909,32.72727273,12.15469613,66.66666667,42.85714286,7.835820896,41.17647059,33.82352941,17.25888325,,,,54.17867435,22.47838617,9.375844366,47.46376812,42.02898551,11.04441777,51.96850394,47.24409449,14.47293447
1/07/2013,48.71794872,7.692307692,6.037151703,,,0,,,0,,,0,60.19417476,14.5631068,11.78489703,53.65853659,13.82113821,9.571984436,52.99479167,46.09375,17.07425522,0,0,0.126103405,,,0,39.32038835,47.08737864,14.10958904,0,0,0.065061809,100,0,0.03671072,49.09090909,30,10.94527363,100,0,0.106723586,,,,,,,,,0,,,,,,,100,0,50,,,0,,,0,33.33333333,33.33333333,23.07692308,,,0,100,100,0.190839695,28.57142857,71.42857143,0.162639405,54.28571429,31.42857143,15.74394464,,,0,,,0,66.66666667,33.33333333,14.28571429,46.1682243,48.22429907,15.22048364,48.58044164,19.55835962,8.576839827,,,0,0,100,0.022381379,0,100,0.074794316,38.16793893,34.35114504,10.59013743,66.66666667,0,0.045385779,,,0,48.4375,33.203125,10.58288549,,,0,25,25,19.67213115,54.54545455,18.18181818,26.19047619,50.3875969,38.37209302,14.7639485,54.76190476,23.80952381,12,49.05660377,13.20754717,8.042488619,50,50,8.695652174,44.87179487,19.23076923,5.56745182,66.66666667,100,0.19193858,47.72727273,48.23232323,18.53932584,,,0,60,80,0.230946882,51.20772947,20.77294686,13.03526448,,,0,,,,0,0,0.143884892,0,0,0.147275405,,,0,47.63513514,45.27027027,13.42403628,49.6350365,35.27980535,8.755858543,,,0,100,0,0.411522634,38.05309735,42.47787611,13.38862559,41.91033138,84.79532164,26.10687023,0,100,0.058616647,45.56962025,18.98734177,13.40118745,52.94117647,19.85294118,6.696208764,51.85185185,19.44444444,9.818181818,54.16666667,50,2.083333333,64.1025641,35.8974359,17.10526316,50.61425061,34.3980344,11.15679825,49.09090909,64.93506494,22.39674229,47.12643678,64.03940887,20.85616438,,,0,49.47368421,32.63157895,12.36174366,57.19844358,29.18287938,15.78624079,51.92307692,28.84615385,15.29411765,53.48837209,37.20930233,19.77011494,,,0,48.71794872,36.11111111,12.1748179,53.28947368,20.39473684,10.5409154,,,0,60.86956522,10.14492754,5.882352941,55.23809524,52.38095238,22.58064516,52.77777778,36.11111111,7.221664995,50.48543689,48.05825243,13.46405229,40.90909091,58.47107438,14.91525424,45.53191489,42.9787234,16.08487337,50,0,0.061804697,59.2760181,27.14932127,11.29856851,42.53393665,25.33936652,14.17575369,,,0,57.89473684,26.31578947,7.723577236,44.23076923,28.84615385,15.16034985,,,,47.2303207,18.36734694,9.90756788,44,39.6,10.72501073,53.16455696,38.8185654,14.32889964
1/01/2018,47.36842105,28.94736842,5.270457698,47.2972973,74.77477477,18.31683168,48.23529412,80,21.68367347,,,,55.31914894,13.82978723,10.05347594,57.48031496,18.11023622,8.316961362,49.71428571,50.97142857,18.32844575,49.6124031,30.23255814,13.19018405,47.05882353,74.11764706,16.91542289,45.05494505,52.01465201,18.10344828,47.46835443,86.28691983,24.63617464,50,78.38616715,24.35087719,50,38.98305085,10.59245961,50,63.10679612,19.4523135,,,,,,,,,,,,,,,,33.33333333,0,37.5,,,,,,,,,,,,,46.51162791,72.86821705,24.15730337,45.0611477,85.79492004,23.47614841,57.73195876,38.7628866,16.09157266,44.84126984,79.96031746,24.01143402,47.75757576,78.3030303,22.22521552,60,20,26.31578947,47.2027972,52.0979021,14.64413722,49.42857143,30.28571429,8.985879332,53.33333333,36.66666667,9.845749918,52.43362832,51.4380531,18.08361672,45.64564565,80.78078078,22.27424749,51.20481928,42.77108434,12.8982129,50.97493036,33.98328691,9.624664879,50,46.875,18.71345029,57.76397516,42.54658385,12.73230526,49.65156794,64.63414634,19.52380952,14.28571429,14.28571429,8.860759494,57.14285714,28.57142857,13.46153846,48.78892734,39.10034602,13.31183786,57.01357466,27.14932127,12.79675738,54,18,6.901311249,33.33333333,44.44444444,15.78947368,51.85185185,22.22222222,5.793991416,45.53775744,91.99084668,24.95716733,47.35516373,49.87405542,17.87483116,48.75776398,59.9378882,16.89401889,49.90403071,78.50287908,21.18747458,50.23696682,26.54028436,11.4239307,44.64285714,91.07142857,21.4559387,,,,43.24324324,64.86486486,13.4872418,53.14685315,57.34265734,19.97206704,50.41322314,80.16528926,23.7254902,43.98826979,52.19941349,15.18254675,52.5987526,39.91683992,9.269608788,60,46.66666667,9.009009009,45.94594595,37.83783784,14.62450593,55.625,38.125,13.46801347,50.16286645,85.01628664,28.37338262,46.95121951,53.04878049,17.4005305,48.85496183,37.40458015,10.4716227,56.36363636,27.87878788,6.944444444,57.93650794,23.01587302,9.610983982,46.57894737,66.31578947,14.85535575,76.92307692,46.15384615,18.57142857,50.99337748,43.04635762,10.51776178,45.77464789,71.36150235,23.73259053,47.27272727,69.24242424,20.69614299,48.27586207,80.17241379,21.72284644,48.1865285,45.07772021,12.48382924,59.27272727,33.45454545,15.14317181,46.66666667,37.77777778,12.16216216,50,41.66666667,22.9787234,45.34883721,34.88372093,11.28608924,50.68226121,42.30019493,12.69487751,58.23529412,36.47058824,10.16746411,48.65771812,51.67785235,15.23517382,53.84615385,20,4.85799701,52.63157895,49.12280702,23.75,53.42465753,39.7260274,7.087378641,50.92592593,50.23148148,13.67521368,43.06688418,55.46492659,15.91381101,46.875,48.046875,16.06022585,54.24107143,39.73214286,11.76470588,50,29.46428571,10.18181818,48.2300885,23.00884956,11.93872161,58.65384615,32.69230769,11.52993348,70.58823529,35.29411765,6.227106227,42.64705882,35.29411765,17.57105943,,,,54.44126074,21.7765043,9.281914894,49.63235294,41.54411765,10.93687173,51.61290323,46.77419355,14.1069397
1/04/2018,51.35135135,32.43243243,5.034013605,48.0349345,73.79912664,18.55753647,49.38271605,81.48148148,20.93023256,,,,57.73195876,12.37113402,10.25369979,58.4,19.2,8.074935401,48.61751152,54.37788018,18.07956676,48.4375,29.6875,12.6984127,47.77448071,73.29376855,16.96878147,45.14925373,50,17.57377049,49.59349593,85.97560976,25.25667351,50.14084507,79.43661972,24.21555252,50.42735043,38.46153846,10.31746032,50,63.5,18.48428835,,,,,,,,,,,,,,,,33.33333333,0,33.33333333,,,,,,,,,,,,,46.37681159,72.46376812,24.64285714,45.14338575,85.47641073,23.68536372,56.07675906,39.01918977,15.38713911,45.8490566,79.43396226,24.8709526,45.8996328,79.06976744,22.3713034,75,25,21.05263158,47.29493892,51.30890052,14.56903127,49.4011976,29.94011976,8.606029374,53.94736842,35.52631579,9.87654321,52.8835691,51.57780196,18.1980198,47.54601227,80.36809816,21.89388852,50.89820359,38.32335329,12.79693487,50.42134831,34.69101124,9.451745652,53.125,53.125,17.77777778,56.12903226,42.25806452,12.30647082,50.17482517,66.08391608,19.2139738,14.28571429,14.28571429,9.589041096,57.14285714,14.28571429,13.7254902,50.1754386,38.77192982,12.92517007,56.82819383,26.8722467,13.06098964,50.4950495,20.79207921,6.856754922,25,50,14.81481481,49.41176471,24.70588235,6.011315417,44.70046083,91.24423963,24.9712313,48.25870647,49.50248756,17.95444395,48.74213836,63.20754717,16.54526535,50.47258979,80.34026465,21.23645122,52.3364486,27.57009346,11.46838156,46.36363636,90.90909091,21.484375,,,,46.09375,62.5,15.29271207,52.44755245,58.04195804,20.19774011,50,80.50847458,22.51908397,42.73255814,51.74418605,15.3024911,51.50214592,42.27467811,8.862685432,60,46.66666667,9.174311927,47.36842105,36.84210526,14.96062992,55.69620253,42.40506329,13.49274125,49.84615385,84.76923077,29.94011976,46.12903226,53.22580645,16.29006831,50,35.38461538,10.37509976,58.28220859,26.3803681,6.86026936,59.01639344,23.7704918,9.077380952,45.76719577,65.34391534,14.82934484,73.33333333,46.66666667,20.83333333,51.57894737,43.36842105,10.84227345,44.36781609,70.8045977,23.56446371,49.08536585,70.57926829,20.64191315,47.58064516,82.25806452,22.54545455,48.5,45,12.88659794,57.67790262,33.70786517,14.88294314,48.93617021,36.17021277,12.30366492,53.33333333,42.85714286,22.3880597,48.27586207,35.63218391,11.35770235,49.26931106,43.42379958,11.87701463,56.60377358,33.33333333,9.503885236,50.1607717,52.41157556,15.56556557,55.38461538,16.92307692,4.839910648,54.95495495,47.74774775,22.9338843,48.10126582,40.50632911,7.647628267,52.60663507,48.34123223,13.35020563,42.22585925,56.62847791,15.46443938,47.36842105,49.39271255,15.29411765,53.74449339,38.54625551,11.66495375,51.4893617,28.5106383,10.57605761,48.34123223,24.64454976,10.98958333,56.43564356,32.67326733,11.13561191,60,30,7.662835249,45.3125,39.0625,16.41025641,,,,55.36231884,21.44927536,9.05511811,50.18450185,45.38745387,10.92301491,51.88284519,45.60669456,13.59499431
1/07/2018,48.64864865,32.43243243,5,46.33027523,71.10091743,17.4819567,41.66666667,82.14285714,22.04724409,,,,54.28571429,13.33333333,11.05263158,59.67741935,18.5483871,8.072916667,48.34123223,55.21327014,17.58699729,46.37681159,30.43478261,13.46341463,48.8372093,74.12790698,17.1914043,45.31835206,52.05992509,17.54270696,49.6,86,25.62788314,50.79575597,80.50397878,25.00829187,48.24561404,35.0877193,9.965034965,51.05263158,65.78947368,17.57631822,,,,,,,,,,,,,,,,33.33333333,0,33.33333333,,,,,,,,,,,,,44.20289855,72.46376812,23.95833333,44.41391941,85.53113553,23.83759005,57.41935484,39.56989247,15.18119491,47.83427495,79.66101695,24.84791764,44.78908189,79.28039702,21.88433342,75,25,21.05263158,47.26631393,50.26455026,14.20696567,49.36305732,29.61783439,8.078209416,55.51839465,36.12040134,9.714100065,52.2172949,52.88248337,17.73495871,46.72897196,79.75077882,21.52917505,46.28571429,41.14285714,13.3282559,50.65502183,33.18777293,9.05973889,53.125,53.125,17.77777778,56.08108108,41.55405405,11.70423092,50,66.20209059,19.12058628,28.57142857,28.57142857,10.14492754,50,25,15.68627451,50.61728395,37.91887125,12.75590551,55.81395349,27.90697674,12.44933411,52.52525253,20.2020202,6.648757555,22.22222222,55.55555556,17.64705882,45.78313253,22.89156627,5.808257523,45.58139535,90.69767442,24.69844917,49.26829268,51.46341463,18.18988465,51.40186916,64.17445483,16.36085627,48.80294659,80.66298343,21.49643705,51.20772947,28.50241546,10.94658911,48.62385321,89.90825688,21.49901381,,,,49.6124031,62.79069767,15.19434629,53.37837838,58.10810811,20.52704577,49.13793103,77.5862069,21.84557439,43.20241692,54.07854985,14.79660259,51.78197065,41.09014675,9.087445228,61.53846154,46.15384615,7.902735562,43.58974359,35.8974359,14.82889734,56.17283951,43.82716049,13.64785173,49.69135802,85.33950617,29.49476559,47.19471947,53.13531353,15.81419624,47.76119403,35.07462687,10.5015674,60.86956522,26.70807453,6.747694887,60.52631579,23.68421053,8.539325843,45.08196721,66.12021858,14.18604651,78.94736842,42.10526316,25.33333333,51.2244898,44.48979592,11.02858429,45.20547945,70.3196347,23.43499197,47.4852071,70.1183432,21.05263158,51.28205128,82.90598291,21.95121951,48.22335025,46.1928934,12.47625079,57.93650794,32.53968254,14.22121896,47.91666667,42.70833333,12.38709677,54,41,21.64502165,48.86363636,35.22727273,11.44343303,49.26624738,42.7672956,11.81570473,57.96178344,33.12101911,9.423769508,50.96153846,51.92307692,15.42263964,57.14285714,12.6984127,4.65631929,51.92307692,49.03846154,21.13821138,48.14814815,38.27160494,7.879377432,52.85714286,46.19047619,13.40140396,42.46794872,57.69230769,15.49925484,50.20408163,48.16326531,15.13279802,56.23632385,38.51203501,11.53166793,51.4893617,30.21276596,10.42128603,47.97979798,24.24242424,10.27503892,57.89473684,29.47368421,10.30368764,50,20,7.662835249,48.21428571,33.92857143,14.93333333,,,,53.09734513,21.82890855,8.832725378,50.74626866,45.52238806,10.75873143,53.125,44.19642857,12.88837745
1/07/2014,58.62068966,6.896551724,4.545454545,,,0,,,0,,,,58,16,12.69035533,55.46218487,15.96638655,9.31871574,52.78810409,49.19454771,17.63934426,0,0,0.168634064,,,0,44.91525424,52.11864407,16.13123718,33.33333333,66.66666667,0.173913043,,,0,45.68965517,27.5862069,11.33919844,,,0,,,,,,,,,,,,,,,,50,0,40,,,0,,,,,,0,,,,,,0,0,100,0.022862369,54.75638051,32.94663573,15.27827012,,,0,100,100,0.028465699,66.66666667,66.66666667,12.5,45.83333333,47.2826087,15.47518923,49.53560372,22.91021672,8.673469388,,,0,66.66666667,33.33333333,0.068618481,0,0,0.142551675,42.46575342,39.04109589,11.8699187,33.33333333,16.66666667,0.089914581,,,0,46.61654135,33.08270677,10.81740545,0,0,0.037537538,22.22222222,33.33333333,14.51612903,50,33.33333333,25.53191489,49.65034965,41.25874126,16.09454136,49.16201117,25.1396648,11.83079974,42.34234234,16.21621622,8.27123696,40,40,11.36363636,46.66666667,20,5.502567865,100,100,0.062774639,47.13541667,53.90625,17.83557826,,,0,75,87.5,0.347071584,52.94117647,21.07843137,13.22957198,,,0,,,,0,0,0.135869565,0,0,0.137174211,,,0,46.07508532,48.12286689,13.18038686,53.78787879,32.32323232,8.861042739,,,0,50,0,0.869565217,45.08196721,42.62295082,14.80582524,43.04857621,85.76214405,28.98058252,50,50,0.114678899,45.56962025,25.94936709,13.46973572,52.27272727,22.72727273,6.765761148,50,21.77419355,11.90019194,45.28301887,56.60377358,2.410186448,55.88235294,38.23529412,14.71861472,52.47524752,35.14851485,10.90418354,47.69975787,65.85956416,23.5059761,46.60033167,67.1641791,20.82901554,,,0,48.29268293,37.56097561,13.32033788,60.16949153,27.54237288,14.32908318,51.85185185,36.11111111,15.16853933,55.68181818,34.09090909,20.32332564,,,0,50.5952381,39.08730159,12.98634373,53.64238411,32.45033113,10.30716724,,,0,53.03030303,1.515151515,5.560235889,52.88461538,51.92307692,22.31759657,47.88732394,36.61971831,7.02970297,46.1722488,51.19617225,13.48822201,45.06517691,56.79702048,16.70815184,43.67816092,42.14559387,17.84005468,100,0,0.030312216,56.63716814,31.4159292,11.93872161,47.28033473,24.68619247,15.08838384,,,0,64.28571429,25,9.964412811,50,30.35714286,16.37426901,,,,46.24624625,19.51951952,10.10315534,47.90874525,38.02281369,11.01801424,52.71966527,39.74895397,14.2601432
1/10/2018,46.34146341,31.70731707,5.525606469,47.16157205,70.30567686,18.17460317,40.65934066,80.21978022,23.57512953,,,,55.75221239,14.15929204,11.90727081,59.12408759,21.16788321,8.815958816,49.05437352,53.42789598,17.69504288,46.09929078,32.62411348,13.63636364,49.55223881,76.11940299,16.69157947,44.32234432,53.47985348,17.97235023,46.92622951,86.68032787,24.62159435,51.28552097,81.19079838,24.50265252,49.10714286,39.28571429,9.556313993,52.47524752,66.33663366,18.1981982,,,,,,,,,,,,,,,,33.33333333,0,30,,,,,,,,,,,,,47.65625,70.3125,22.57495591,44.33272395,85.19195612,24.02283707,55.10638298,42.34042553,15.35445933,48.27586207,79.11877395,23.89016018,45.72864322,79.0201005,21.73675587,75,25,23.52941176,48.44290657,49.65397924,14.39601494,48.48484848,28.95622896,7.698289269,55.74912892,36.58536585,9.33029909,52.30078563,53.08641975,17.45689655,46.85534591,79.55974843,21.34228188,45.25139665,46.36871508,13.47891566,50.5730659,34.24068768,9.094462541,54.83870968,51.61290323,18.34319527,53.60824742,43.64261168,11.59824631,49.11032028,67.43772242,18.85273398,33.33333333,16.66666667,9.230769231,50,25,16,51.14638448,38.44797178,12.69592476,55,28.63636364,12.70941652,52.08333333,16.66666667,6.451612903,30,60,20.40816327,48.14814815,23.45679012,5.688202247,45.45454545,91.36363636,24.8728095,49.62962963,51.85185185,17.90450928,52.03761755,63.32288401,16.20934959,48.17518248,82.29927007,21.66864373,50.24875622,25.37313433,10.72,51.72413793,87.93103448,22.83464567,,,,45.03816794,61.06870229,15.48463357,52.77777778,52.77777778,20.33898305,45.13274336,76.99115044,21.20075047,42.54658385,52.17391304,14.36217663,52.5,41.875,9.022556391,65.51724138,37.93103448,8.630952381,48.38709677,32.25806452,12.06225681,56.60377358,41.50943396,13.47457627,48.42105263,85.41353383,29.70075927,47.57281553,52.10355987,15.9607438,46.71532847,37.22627737,10.61192874,60.49382716,27.77777778,6.832560101,59.16666667,24.16666667,8.968609865,46.72131148,65.57377049,14.12037037,77.77777778,44.44444444,23.37662338,51.68986083,45.12922465,11.15299335,45.95842956,69.05311778,23.41806382,48.22485207,69.82248521,20.95474272,52.17391304,83.47826087,21.65725047,50.73170732,47.80487805,12.90119572,58.68725869,35.52123552,14.54239191,50,42.70833333,12.64822134,52.47524752,38.61386139,22.1978022,49.46236559,33.33333333,12.03104787,49.24731183,42.15053763,11.58445441,57.14285714,35.06493506,9.23815237,48.18481848,51.81518152,14.89675516,57.57575758,15.15151515,4.852941176,50.92592593,51.85185185,21.6,45.67901235,38.27160494,7.795957652,52.34741784,46.71361502,13.65384615,42.71523179,56.62251656,15.08491508,52.01612903,49.59677419,15.30864198,57.20430108,38.27956989,11.45038168,49.15254237,29.66101695,10.33274956,48.40425532,25,9.705730511,60,28.88888889,9.944751381,55,25,7.434944238,58.49056604,37.73584906,13.76623377,,,,54.0625,22.8125,8.313847753,50.41666667,43.75,9.795918367,52.15517241,42.67241379,13.23445522
1/01/2019,46.51162791,30.23255814,5.680317041,47.28033473,69.87447699,19.08945687,38.88888889,77.77777778,23.74670185,,,,53.44827586,12.06896552,12.04569055,58.95522388,21.64179104,8.606294155,49.70484061,52.65643447,17.85413153,45.75163399,32.67973856,14.19294991,50.14925373,77.01492537,16.58415842,44.90566038,53.58490566,17.71390374,46.65314402,86.40973631,24.50298211,51.97278912,80.81632653,24.29752066,46.01769912,40.7079646,9.716251075,51.44230769,66.34615385,18.73873874,,,,,,,,,,,,,,,,50,0,20,,,,,,,,,,,,,46.72131148,69.67213115,21.86379928,44.15231188,85.13145966,24.04621757,56.34095634,41.78794179,15.44141252,50,79.08745247,23.91996362,46.27791563,79.52853598,21.67249261,75,25,21.05263158,48.33625219,48.68651489,14.2394015,49.5049505,29.7029703,7.827434771,55.44217687,36.73469388,9.536166072,51.76336746,54.03868032,17.30314961,46.64536741,79.87220447,20.92245989,46.99453552,45.90163934,13.7905049,49.002849,33.61823362,9.020817271,53.33333333,53.33333333,17.24137931,55.59440559,44.05594406,11.32673267,49.73166369,66.54740608,18.66444073,42.85714286,14.28571429,10.76923077,50,25,15.68627451,50.35087719,38.42105263,12.67511674,53.94736842,30.70175439,13.02113078,54,18,6.684491979,22.22222222,55.55555556,17.30769231,49.36708861,24.05063291,5.474705475,45.73991031,91.70403587,24.9859944,50.85995086,51.35135135,17.8040245,52.13414634,61.58536585,16.700611,48.12030075,81.39097744,20.75692548,50.25125628,25.6281407,10.50131926,52.34375,88.28125,24.71042471,,,,45.18518519,59.25925926,15.625,52.51798561,53.95683453,19.66053748,45.2991453,76.92307692,21.86915888,41.9939577,54.38066465,14.67849224,53.68852459,42.00819672,9.068946293,67.85714286,39.28571429,8.536585366,50,33.33333333,11.85770751,58.125,41.875,13.434089,48.62385321,84.25076453,29.43294329,47.19471947,53.13531353,15.54643407,46.66666667,36.2962963,10.38461538,60.23391813,30.40935673,7.187894073,58.59375,25,9.488510007,47.15447154,66.39566396,14.25260718,77.77777778,38.88888889,21.68674699,52.8,46.2,11.07419712,47.27272727,68.18181818,23.54200107,49.39393939,69.6969697,20.4524326,51.88679245,83.01886792,20.82514735,50.4950495,47.02970297,12.82539683,58.8,35.2,13.99776036,50.52631579,40,12.35370611,52,40,22.47191011,48.42105263,33.68421053,12.27390181,47.90286976,41.2803532,11.33066533,55.40540541,36.48648649,8.915662651,45.95469256,49.51456311,15.18427518,57.8125,10.9375,4.674945215,49.53271028,52.3364486,21.4,45.67901235,37.03703704,7.75862069,54.54545455,47.55244755,13.57594937,43.71859296,55.4438861,14.72982976,50.19305019,49.03474903,15.86037967,57.32484076,38.85350318,11.44871172,50.20920502,30.54393305,10.47326906,48.10810811,25.94594595,9.590461379,53.53535354,32.32323232,10.79607415,50,22.22222222,6.642066421,60.6557377,39.3442623,15.44303797,,,,53.65853659,24.08536585,8.484221417,49.37759336,41.90871369,9.812703583,52.71966527,44.35146444,13.32961517
1/10/2012,45.71428571,8.571428571,5.477308294,,,0,,,0,,,0,62.96296296,17.59259259,12.55813953,55,11.66666667,9.345794393,50.42857143,44.14285714,15.38123489,0,0,0.125,,,0,37.82051282,43.58974359,10.78838174,0,0,0.059206631,100,0,0.034048349,47.36842105,30.70175439,11.46881288,,,0,,,,,,,,,0,,,,,,,100,0,50,,,0,,,0,66.66666667,33.33333333,16.66666667,,,,,,0,28.57142857,57.14285714,0.161141805,51.38248848,32.71889401,14.86810552,,,0,,,0,100,50,12.5,44.89361702,47.65957447,13.46704871,48.98648649,21.28378378,7.982740022,,,0,0,100,0.02247191,100,100,0.141944642,41.6,39.2,9.912767645,,,0,,,0,49.2248062,31.39534884,10.79046424,50,100,0.070052539,33.33333333,16.66666667,11.11111111,54.54545455,9.090909091,32.35294118,47.52066116,39.66942149,14.2562592,55.67010309,18.04123711,11.25290023,45.71428571,15.23809524,8.076923077,25,0,10.81081081,38.57142857,20,5.025125628,100,66.66666667,0.188679245,49.17582418,44.78021978,17.18602455,,,0,66.66666667,100,0.140646976,51.39664804,20.67039106,11.30050505,,,0,,,,,,0,0,0,0.145985401,,,0,46.9924812,42.48120301,11.83800623,48.35443038,30.12658228,8.413205538,,,0,100,0,0.396825397,37.14285714,39.04761905,12.7582017,39.91683992,83.57588358,24.11027569,0,100,0.059101655,47.46835443,21.51898734,13.42395922,56.33802817,16.90140845,7.012345679,52.52525253,21.21212121,9.158186864,50,47.72727273,1.888412017,63.63636364,39.39393939,14.34782609,47.26775956,34.15300546,10.43032203,50,60.9375,22.62816735,46.11570248,64.46280992,20.32247229,,,0,48,30.28571429,11.62790698,56.76855895,27.94759825,13.82850242,45.54455446,33.66336634,14.28571429,52,34.66666667,18.2038835,,,0,45.89041096,35.84474886,11.5202525,48.22695035,21.9858156,9.894736842,,,0,59.67741935,12.90322581,5.267629567,55.55555556,45.55555556,20,48.52941176,29.41176471,7.024793388,46.11111111,43.33333333,11.8694362,40.26845638,57.04697987,13.7962963,47.92626728,38.24884793,15.00691563,50,0,0.060606061,55.76923077,25.48076923,10.8616188,47.5,22.5,13.12335958,,,0,58.82352941,23.52941176,6.666666667,53.48837209,27.90697674,12.53644315,,,,48.11320755,17.29559748,9.300965195,48.96907216,36.08247423,8.066528067,53.04347826,36.95652174,14.03294692
1/10/2013,54.83870968,3.225806452,5.218855219,,,0,,,0,,,,57.44680851,13.82978723,12.06675225,52.13675214,13.67521368,9.473684211,52.25,46.5,17.51313485,0,0,0.202839757,,,0,39.23444976,49.76076555,14.17910448,0,0,0.076687117,,,0,49.54954955,27.92792793,11.29196338,100,0,0.112612613,,,,,,,,,,,,,,,,50,0,40,,,0,,,,,,0,,,,,,0,0,100,0.023474178,55.63380282,33.8028169,14.95786517,,,0,,,0,50,50,10,45.55765595,50.66162571,15.31557614,47.3354232,21.63009404,8.547695606,0,0,0.038476337,50,50,0.047698545,,,0,42.55319149,34.04255319,11.31621188,50,0,0.030783439,,,0,48.828125,34.375,10.57414292,,,0,28.57142857,28.57142857,23.33333333,58.33333333,25,27.27272727,49.23954373,39.7338403,15.00713267,50.56179775,25.28089888,11.89839572,46.93877551,16.32653061,7.90960452,60,40,11.11111111,50,20.83333333,5.305821665,66.66666667,100,0.194426442,47.96954315,50.50761421,18.22386679,,,0,50,100,0.306748466,49.28229665,18.66028708,13.81361533,,,0,,,,,,0,0,0,0.143266476,,,0,47.34982332,46.28975265,12.74774775,51.44508671,30.92485549,8.359507127,,,0,100,0,0.476190476,45.37037037,44.44444444,13.41614907,43.0210325,84.70363289,26.18928393,,,0,46.91358025,22.22222222,13.71718882,51.11111111,26.66666667,7.060669456,50,18.62745098,10.63607925,52.38095238,52.38095238,2.048780488,62.16216216,40.54054054,16.51785714,50.53763441,33.06451613,11.06813448,48.22335025,67.00507614,22.97376093,47.04918033,64.59016393,20.83333333,,,0,48.42105263,34.73684211,12.37785016,58.03921569,29.01960784,15.75046325,55.23809524,28.57142857,14.93598862,55.17241379,37.93103448,19.07894737,,,0,48.54771784,35.06224066,12.55862428,53.02013423,26.84563758,10.65046462,100,0,0.059417706,60.34482759,3.448275862,5.5028463,54.71698113,55.66037736,23.45132743,53.42465753,36.98630137,7.396149949,50.36319613,47.69975787,13.67549669,41.9729207,57.25338491,15.92729513,44.81327801,42.32365145,16.85314685,100,0,0.031796502,58.70646766,29.85074627,11.36235161,44.84304933,28.69955157,14.62295082,,,0,63.15789474,21.05263158,7.755102041,44.64285714,35.71428571,16.51917404,,,,45.54455446,18.15181518,9.908436887,44.12955466,40.48582996,10.43074324,54.04255319,39.57446809,14.42602824
1/10/2014,57.57575758,12.12121212,5.02283105,,,0,,,0,,,,56.73076923,17.30769231,12.68292683,55.93220339,16.10169492,9.175738725,52.35148515,49.13366337,17.80912497,0,0,0.147492625,,,0,45.6,51.6,17.20578114,50,50,0.22611645,100,100,0.037864445,46.21848739,26.8907563,11.59844055,,,0,,,,,,,,,,,,,,,,50,0,50,,,0,,,,,,0,,,,,,0,,,0,55.88235294,33.93665158,15.81961346,,,0,100,100,0.028465699,50,50,7.692307692,45.65587734,47.1890971,16.48413367,49.6835443,22.78481013,8.408728047,,,0,66.66666667,66.66666667,0.066079295,33.33333333,33.33333333,0.210084034,41.93548387,38.70967742,12.27236738,40,0,0.074526755,,,0,48.30188679,33.58490566,10.73743922,0,0,0.037243948,28.57142857,42.85714286,10.14492754,46.15384615,23.07692308,25,50.08635579,39.72366149,16.11466741,49.45652174,27.7173913,11.87096774,44.76190476,13.33333333,7.737656595,40,40,11.36363636,50.70422535,19.71830986,5.274888559,100,100,0.063171194,46.5648855,54.19847328,17.90432802,,,0,62.5,75,0.345721694,52.97029703,20.79207921,12.94871795,,,0,,,,0,0,0.134228188,0,0,0.140056022,,,0,44.63087248,49.66442953,13.38123035,52.85359801,30.27295285,8.931737589,,,0,50,0,0.862068966,45.23809524,40.47619048,14.73684211,42.28855721,84.90878939,29.30029155,50,50,0.113186191,46.5408805,25.1572327,13.67153912,51.82481752,21.89781022,6.993363961,51.61290323,23.38709677,11.36571952,46.2962963,55.55555556,2.412868633,57.89473684,39.47368421,14.78599222,53.8277512,37.55980861,11.07578166,47.11316397,65.81986143,24.3258427,47.43801653,67.10743802,20.73337903,100,0,0.195694716,44.90740741,41.2037037,13.97153946,58.92116183,29.87551867,14.57955233,52.67857143,33.92857143,15.59888579,57.47126437,34.48275862,20.18561485,,,0,51.07632094,39.53033268,13.01579215,54.90196078,34.64052288,10.40816327,50,0,0.115406809,52.94117647,4.411764706,5.569205569,51.42857143,52.38095238,22.97592998,47.14285714,38.57142857,6.993006993,45.76659039,51.94508009,13.88182973,44.87895717,57.16945996,16.58943466,45.55984556,45.55984556,17.63104152,100,0,0.060368246,54.38596491,29.38596491,12.08907741,48.84615385,23.07692308,15.93137255,,,0,62.06896552,27.5862069,10.43165468,50.94339623,22.64150943,15.82089552,,,,45.01510574,19.93957704,9.978896593,46.66666667,40,11.24531445,52.4,41.6,14.90757305
1/04/2015,56.25,25,4.797601199,49.35622318,71.24463519,20.49252419,41.42857143,74.28571429,21.60493827,,,,59.375,13.54166667,11.79361179,57.02479339,13.2231405,9.336419753,53.06372549,49.63235294,17.70833333,48.51485149,37.62376238,14.0472879,49.24012158,72.03647416,16.90647482,45.48736462,52.3465704,18.40531561,49.54545455,84.31818182,24.8447205,51.33437991,79.59183673,23.93836903,45.68965517,25.86206897,11.08986616,52.80898876,62.35955056,18.52237253,,,,,,,,,,,,,,,,50,0,40,,,0,,,,,,0,,,,38.18181818,74.54545455,21.73913043,43.66197183,84.10462777,22.6992464,55.68181818,34.77272727,15.43859649,42.5,79.58333333,22.52463632,45.39641944,77.87723785,21.80702733,75,50,14.28571429,46.58703072,45.90443686,16.25520111,50.3125,24.0625,8.441044579,47.88273616,37.45928339,11.04316547,50.37783375,50.37783375,17.15643907,44.14715719,77.9264214,21.02672293,42.13836478,36.47798742,12.38317757,50.25974026,34.67532468,11.2704918,53.84615385,42.30769231,21.66666667,50.54545455,37.81818182,11.29827445,53.07377049,60.45081967,18.30457614,16.66666667,33.33333333,9.523809524,70,30,18.18181818,50.79365079,39.50617284,15.62413888,51.08695652,27.7173913,11.86331399,44.14414414,14.41441441,8.108108108,33.33333333,44.44444444,18.75,57.35294118,17.64705882,5.003679176,46.11398964,91.70984456,24.85511912,47.72727273,52.27272727,17.83783784,47.16981132,57.86163522,17.08758732,49.60474308,80.63241107,21.34120624,50,21.64948454,12.33312142,49.23076923,90.76923077,25.74257426,,,,48.88888889,66.66666667,17.32991014,46.51162791,61.24031008,17.64705882,48.03921569,75.49019608,22.36842105,48.18481848,50.4950495,13.53282715,52.19298246,33.77192982,9.92383025,73.33333333,20,9.375,44.82758621,24.13793103,11.98347107,46.77419355,38.70967742,14.18764302,42.76315789,84.53947368,29.71652004,44.88448845,56.43564356,17.10897798,50,28.125,13.53637902,53.42465753,23.97260274,7.274539113,57.57575758,19.6969697,11.66077739,45.07462687,62.3880597,14.70588235,54.05405405,43.24324324,13.96226415,52.52747253,39.34065934,11.73587826,48.91041162,68.03874092,22.64254386,45.97701149,64.69622332,20.50505051,45.45454545,73.63636364,21.19460501,46.44549763,42.18009479,13.82699869,60.55776892,29.48207171,14.81700118,47.22222222,36.11111111,14.63414634,54.54545455,36.36363636,20.56074766,49,39,12.95336788,50,41.41221374,13.38100102,57.69230769,32.05128205,10.27667984,49.82578397,51.2195122,16.07843137,56.06060606,6.060606061,5.396565822,50,50.87719298,25.73363431,46.15384615,39.74358974,7.784431138,47.91208791,50.98901099,14.3442623,44.00715564,58.31842576,16.67661098,49.82078853,46.59498208,18.29508197,50,30.05050505,11.80327869,51.86721992,29.87551867,12.50648677,47.89272031,22.98850575,15.72289157,55.45454545,25.45454545,13.69863014,65.51724138,34.48275862,10.35714286,57.14285714,25,16.04584527,,,,46.03658537,21.95121951,9.73871734,45.68345324,42.8057554,11.60267112,52.56916996,42.29249012,14.68369124
1/10/2015,53.33333333,26.66666667,4.484304933,51.35135135,72.07207207,19.15444349,39.68253968,71.42857143,19.62616822,,,,60.41666667,14.58333333,11.63636364,57.72357724,13.00813008,9.318181818,52.31143552,50,17.95936203,51.51515152,37.12121212,14.16309013,50.88757396,70.41420118,16.99346405,46.91780822,53.42465753,19.37624419,48.65525672,85.57457213,24.15829888,49.00763359,79.84732824,24.01026393,50,34.16666667,11.27819549,50,62.63736264,18.38383838,,,,,,,,,,,,,,,,50,0,33.33333333,,,,,,,,,0,,,,40.19607843,79.41176471,21.16182573,44.08602151,84.94623656,23.06651635,55.46038544,37.4732334,16.05914718,42.2,81.4,22.83105023,46.08585859,78.66161616,22.01222902,66.66666667,33.33333333,13.63636364,46.875,45.13888889,15.8503027,50.75987842,23.40425532,8.518902123,49.36305732,36.94267516,11.06412967,51.4041514,50.67155067,17.39961759,43.85964912,79.29824561,20.7122093,44.15584416,40.25974026,11.61387632,51.79948586,33.16195373,11.05113636,46.15384615,46.15384615,21.13821138,51.27272727,38.90909091,11.14262561,51.33587786,60.6870229,19.3072955,16.66666667,16.66666667,9.836065574,50,30,16.94915254,50.93696763,40.71550256,15.51678562,51.29533679,26.94300518,12.46770026,46.93877551,16.32653061,7.329842932,30,30,20.40816327,53.16455696,17.72151899,5.6998557,45.85492228,92.74611399,24.29200755,47.14640199,50.86848635,18.39342766,49.54407295,59.87841945,17.58417958,49.61089494,81.3229572,21.91897655,49,22,12.3685838,52.99145299,90.5982906,23.44689379,,,,48.48484848,63.63636364,16.73003802,47.94520548,58.90410959,19.10994764,47.78761062,75.22123894,22.6,46.40718563,53.59281437,14.81152993,52.52747253,34.50549451,9.768140833,71.42857143,25.71428571,10.73619632,38.70967742,32.25806452,12.25296443,48.7012987,37.01298701,13.75,42.47933884,84.79338843,28.63227638,45.27687296,53.09446254,16.99889258,46.83544304,31.64556962,13.27731092,51.89873418,26.58227848,8.069458631,58.4,20,10.84128361,45.0867052,61.56069364,14.9137931,88.88888889,44.44444444,15.51724138,53.15904139,40.95860566,11.95001302,47.39229025,66.4399093,24.39159292,47.1169687,67.71004942,20.26711185,48.14814815,75,21.64328657,42.36453202,40.39408867,13.20754717,60.82089552,28.35820896,15.85798817,49.03846154,34.61538462,14.60674157,53.06122449,38.7755102,22.1719457,54.54545455,34.34343434,12.87386216,52.28519196,42.41316271,13.82011117,57.55813953,34.88372093,11.27868852,50.83056478,51.82724252,16.31436314,61.53846154,7.692307692,5.204163331,51.32743363,46.90265487,24.88986784,50,42.5,7.92864222,49.05660377,51.57232704,14.92490613,43.78194208,59.11413969,17.11370262,51.12781955,46.61654135,17.40837696,50.58275058,31.46853147,12.30989957,54.89361702,29.36170213,11.85671039,46.82539683,23.41269841,14.82352941,52.83018868,28.30188679,12.57413998,60,36,9.765625,57.62711864,32.20338983,16.12021858,,,,46.2006079,21.58054711,9.730848861,47.34848485,43.93939394,10.94527363,55.79399142,40.77253219,13.38311315
1/04/2016,51.61290323,29.03225806,4.626865672,50.66666667,71.55555556,19.63350785,41.55844156,75.32467532,21.69014085,,,,55,15,11.70960187,55.83333333,15,8.856088561,51.27582017,50.30376671,18.02847755,48.17518248,34.30656934,14.37565582,51.77514793,69.82248521,17.18352822,45.91836735,51.70068027,20,48.47161572,85.80786026,24.97273719,51.64179104,79.25373134,23.94567548,54.88721805,35.33834586,12.30342276,50.57471264,61.49425287,17.45235707,,,,,,,,,,,,,,,,50,0,28.57142857,,,,,,,,,0,,,,42.47787611,74.33628319,22.6,43.74403056,85.2913085,23.16884266,55.9912854,38.34422658,15.70841889,42.21789883,81.51750973,23.78528459,47.49034749,80.05148005,21.7221135,33.33333333,0,14.28571429,47.81144781,47.97979798,16.00215517,49.12790698,26.74418605,8.779989791,50.33333333,36,10.39861352,50.65088757,49.46745562,17.73719563,43.50649351,80.19480519,21.93732194,43.63636364,46.66666667,12.54752852,52.98013245,33.24503311,10.54027642,50,53.84615385,19.6969697,51.2455516,37.36654804,11.41812271,51.51515152,62.87878788,19.3194292,20,20,7.936507937,40,10,20,49.58813839,40.36243822,15.67665289,52.52525253,25.75757576,12.375,47.52475248,13.86138614,7.361516035,38.46153846,30.76923077,27.08333333,49.36708861,17.72151899,5.618776671,48.17708333,93.22916667,23.73300371,47.19626168,52.57009346,19.09861669,49.84326019,58.62068966,16.87830688,49.80544747,81.12840467,21.26603227,46.42857143,23.46938776,11.85006046,50,92.85714286,24.27745665,,,,46.77419355,64.51612903,15.36555143,52.44755245,60.13986014,18.86543536,50,76.19047619,24.46601942,46.85714286,51.14285714,15.19097222,52.60869565,36.30434783,9.629474566,70.96774194,35.48387097,9.117647059,42.85714286,28.57142857,11.38211382,52.4137931,34.48275862,12.7753304,44.16666667,85.33333333,28.28854314,46.105919,52.64797508,17.30458221,45.69536424,34.43708609,12.46903386,51.82926829,23.7804878,8.090774544,56.66666667,22.5,9.975062344,43.83561644,67.67123288,14.83136936,81.81818182,54.54545455,18.6440678,54.26695842,42.23194748,11.56083987,45.45454545,68.18181818,23.78378378,44.57050243,67.42301459,20.98639456,46.95652174,77.39130435,22.2007722,44.44444444,43.43434343,12.79896574,58.30258303,32.10332103,15.67379988,49.49494949,39.39393939,13.92405063,50.98039216,39.21568627,21.93548387,51.64835165,36.26373626,11.77231565,52.85451197,41.98895028,13.60220441,60.52631579,33.68421053,11.88986233,49.8349835,49.5049505,16.41386782,59.375,12.5,5.047318612,50,46.2962963,23.89380531,51.25,43.75,7.8125,51.50862069,52.15517241,14.44133209,44.24635332,58.5089141,17.58335708,48.70848708,46.86346863,17.51777634,52.27817746,34.05275779,11.71348315,51.86721992,26.5560166,11.79060665,49.59349593,23.57723577,14.60807601,52.77777778,27.77777778,13.07506053,65.51724138,37.93103448,11.28404669,55.07246377,33.33333333,19.06077348,,,,49.55752212,22.41887906,9.691252144,46.44194757,44.56928839,11.20906801,56.96202532,40.92827004,13.73117034
1/10/2016,43.75,28.125,4.848484848,49.78354978,72.72727273,19.33054393,44.44444444,76.38888889,19.40700809,,,,57.84313725,13.7254902,11.90198366,60.48387097,16.12903226,8.819345661,49.58083832,51.61676647,18.15217391,48.0620155,30.23255814,13.27160494,50.88235294,70.29411765,17.19777441,44.14715719,54.18060201,19.89354624,48.81209503,87.47300216,24.95956873,51.74506829,79.81790592,23.35223246,51.90839695,34.35114504,12.00733272,48,63.42857143,17.17369971,,,,,,,,,,,,,,,,0,0,33.33333333,,,,,,,,,,,,,48.33333333,73.33333333,23.25581395,42.74881517,85.49763033,23.17662566,57.01943844,36.93304536,15.94352617,44.33198381,79.95951417,23.07333022,45.86466165,77.94486216,21.82713348,50,25,21.05263158,46.4344942,51.07794362,16.02870813,48.64130435,29.34782609,9.411764706,50,34.86842105,10.39316239,52.30414747,48.73271889,18.04949054,43.16109422,81.76291793,22.33536999,45.625,48.75,12.17656012,51.96335079,34.29319372,10.64215072,41.93548387,54.83870968,20.94594595,52.94117647,38.23529412,10.84529506,49.20071048,64.29840142,19.93626062,20,0,8.474576271,45.45454545,18.18181818,18.33333333,48.21731749,41.42614601,14.8850139,54.90196078,27.45098039,12.57706535,54.08163265,14.28571429,7.243163341,36.36363636,27.27272727,20,44.04761905,21.42857143,5.944798301,47.42268041,92.5257732,24.47949527,47.6744186,52.55813953,19.03497123,47.4522293,57.96178344,16.70212766,50.29469548,80.74656189,21.32383745,49.75609756,22.92682927,11.76808266,46.82539683,93.65079365,24.18426104,,,,44.96124031,61.24031008,15.65533981,52.02702703,58.10810811,19.17098446,49.23076923,78.46153846,25,45.53571429,52.38095238,14.93997332,52.69978402,38.22894168,9.493541111,70,36.66666667,9.118541033,48.27586207,27.5862069,11.28404669,52.56410256,35.8974359,13.5534318,45.9234609,83.86023295,28.97782064,48.7654321,50.30864198,17.31694281,49.05660377,28.30188679,13.02211302,52.86624204,22.92993631,7.433712121,54.83870968,23.38709677,9.991941982,44.21052632,66.05263158,15.27945316,83.33333333,50,19.35483871,51.38592751,42.00426439,11.61466072,45.73459716,68.72037915,23.31491713,46.40625,66.875,21.15003305,48.38709677,79.83870968,23.52941176,44.14893617,43.08510638,12.26353555,58.68725869,32.04633205,15.13734658,50,36.95652174,13.33333333,47.95918367,41.83673469,21.875,51.96078431,34.31372549,13.43873518,53.14814815,42.22222222,13.53722738,58.10055866,28.49162011,11.08359133,47.33333333,52,15.60874089,57.14285714,15.87301587,4.937304075,49.07407407,49.07407407,22.83298097,47.94520548,46.57534247,7.032755299,49.77876106,51.32743363,14.00681748,41.35702746,57.51211632,16.9728544,49.43396226,45.28301887,16.84678957,52.63157895,33.25358852,11.6240267,50.99601594,25.49800797,11.99235547,47.08333333,22.91666667,13.61315939,57.65765766,29.72972973,13.23003576,57.14285714,42.85714286,10.52631579,45.83333333,31.94444444,19.45945946,,,,50.28409091,21.875,9.895979758,49.07063197,43.12267658,11.22236128,55.64516129,44.75806452,13.96396396
1/01/2013,47.05882353,5.882352941,5.371248025,,,0,,,0,,,0,61.32075472,16.03773585,12.26851852,52.75590551,11.81102362,9.837335399,50.97765363,43.57541899,15.8337019,0,0,0.12642225,,,0,39.88095238,47.02380952,11.61825726,0,0,0.061804697,100,0,0.03534818,50,31.3559322,11.68316832,,,0,,,,,,,,,0,,,,,,,100,0,50,,,0,,,0,66.66666667,33.33333333,21.42857143,,,,,,0,28.57142857,71.42857143,0.160073176,52.65588915,32.79445727,14.98788508,,,0,,,0,100,66.66666667,17.64705882,45.60327198,46.21676892,13.80575946,49.17491749,21.78217822,8.164915117,,,0,0,100,0.022603978,100,50,0.143781452,43.84615385,39.23076923,10.33386328,100,0,0.015202189,,,0,48.51851852,29.25925926,11.31601006,0,100,0.03539823,30,20,17.85714286,46.15384615,15.38461538,28.88888889,49.00793651,39.68253968,14.69816273,54.22885572,20.89552239,11.54508903,44.85981308,14.95327103,8.124525437,40,20,11.62790698,40.78947368,21.05263158,5.440229062,100,100,0.12642225,48.28496042,47.22955145,17.82690499,,,0,66.66666667,100,0.140121439,52.17391304,21.19565217,11.6751269,,,0,,,,,,0,0,0,0.143884892,,,0,46.64310954,43.10954064,12.56660746,48.00995025,29.85074627,8.522365911,,,0,100,0,0.409836066,36.93693694,41.44144144,13.38962606,40.87301587,83.92857143,24.97522299,0,100,0.058616647,47.43589744,20.51282051,13.45987921,56.73758865,20.56737589,6.841339156,51.54639175,22.68041237,9.142318567,50,42.85714286,1.797175866,61.11111111,41.66666667,16.14349776,49.87080103,33.8501292,10.94147583,49.36386768,61.83206107,23.21323095,46.85990338,63.28502415,20.91613338,,,0,47.59358289,30.48128342,12.18241042,53.19148936,29.36170213,14.59627329,49.03846154,29.80769231,14.85714286,53.73134328,34.32835821,16.66666667,,,0,45.78833693,36.06911447,12.06986444,52.11267606,19.71830986,10.07092199,,,0,56.33802817,14.08450704,6.032285472,56.04395604,43.95604396,19.82570806,51.51515152,31.81818182,6.839378238,46.7191601,45.14435696,12.44691277,41.42538976,56.5701559,14.08406524,48.14814815,39.35185185,15.01042391,50,0,0.060679612,57.20720721,25.67567568,11.28622267,45.23809524,24.28571429,13.6275146,,,0,66.66666667,27.77777778,7.003891051,53.33333333,24.44444444,12.71186441,,,,45.34161491,16.77018634,9.385018945,48.62385321,36.69724771,9.148132606,51.05485232,41.35021097,14.02366864
